"from","to"
"fb56b19b-88e5-47e3-b8d5-d143bdad5cc6","63ba22c9-26f8-4537-a60f-8a8d163993cc"
"9d1198fc-ffa1-485e-a885-363f521ab818","6faec310-df05-483a-a1c9-2926fe783145"
"30f5342d-7e30-46a2-9b5f-4020be97ef7d","578306ab-b94d-49d7-bc36-42c6901c7491"
"bae35c3c-b53f-45df-be9b-d1c30ffde46f","6faec310-df05-483a-a1c9-2926fe783145"
"6b2c61dc-bbdd-407b-958d-650186423acd","0186d07d-4bfd-4083-91f4-ba1a875999f5"
"6b2c61dc-bbdd-407b-958d-650186423acd","d19e5ea7-1628-4fe0-8803-30a166a73bcc"
"6b2c61dc-bbdd-407b-958d-650186423acd","eb7f4d11-f085-4bb7-8986-8fe2a919187e"
"1fedccaa-0015-4c09-8740-72d68ab17d2f","12f8c7c1-9401-45a9-b60b-1805411d31a8"
"1fedccaa-0015-4c09-8740-72d68ab17d2f","organization-8449"
"5600fe12-9e75-4ee2-ac13-a272ff875deb","535645be-2f9d-4ded-9170-cbe0535d57e9"
"5600fe12-9e75-4ee2-ac13-a272ff875deb","8aef9321-f92a-4667-97c4-43742652271b"
"0e03a445-e643-40c8-b26a-7e3d747dc434","e8cef589-8196-4ce9-8f4f-82cecd3abdb0"
"b17ce465-23b8-4f6d-ae43-32ca83fd2a01","6faec310-df05-483a-a1c9-2926fe783145"
"d0b10ba4-eae0-45f9-9685-b2ba559bc316","dee91904-6818-4d05-897f-d205cb2d3e4c"
"2d04fff2-2a3f-437e-b449-5fd899561bc0","4eb3af3a-4cea-4010-ace5-ecef6f6d8934"
"20a1342c-d281-40d8-99c1-81af80536d87","30b0a21b-93ab-46fb-b029-adf28e764ea8"
"20a1342c-d281-40d8-99c1-81af80536d87","578306ab-b94d-49d7-bc36-42c6901c7491"
"20a1342c-d281-40d8-99c1-81af80536d87","62248bb3-1a6e-43ee-adfd-303d2fc12f6b"
"20a1342c-d281-40d8-99c1-81af80536d87","6faec310-df05-483a-a1c9-2926fe783145"
"20a1342c-d281-40d8-99c1-81af80536d87","f124ce4d-8a3d-4d22-9c5d-71128597e040"
"aaddf07f-e59d-4dbf-bbdd-470b48b61eea","6faec310-df05-483a-a1c9-2926fe783145"
"27370c70-458a-40d8-8daf-1e86cc4caf09","30b0a21b-93ab-46fb-b029-adf28e764ea8"
"27370c70-458a-40d8-8daf-1e86cc4caf09","6faec310-df05-483a-a1c9-2926fe783145"
"dc11daa2-d2a3-4b4b-88d7-7fb0e1a133b9","6faec310-df05-483a-a1c9-2926fe783145"
"dc11daa2-d2a3-4b4b-88d7-7fb0e1a133b9","fdf03c41-c1da-4305-a966-3947361f1036"
"b2779d39-11a3-4394-9cae-20bfca8281e7","30b0a21b-93ab-46fb-b029-adf28e764ea8"
"b2779d39-11a3-4394-9cae-20bfca8281e7","6faec310-df05-483a-a1c9-2926fe783145"
"c18fc961-9eba-4dc0-927a-d55fc39f68bc","30b0a21b-93ab-46fb-b029-adf28e764ea8"
"c18fc961-9eba-4dc0-927a-d55fc39f68bc","d19e5ea7-1628-4fe0-8803-30a166a73bcc"
"c18fc961-9eba-4dc0-927a-d55fc39f68bc","fdf03c41-c1da-4305-a966-3947361f1036"
"5121c56c-7773-4f2c-8482-b6e71a81bb45","1e339030-c3da-4791-906f-1a3d3a4ad72a"
"5121c56c-7773-4f2c-8482-b6e71a81bb45","e12df612-2fd1-4e08-8d91-0b2fe0af0109"
"5121c56c-7773-4f2c-8482-b6e71a81bb45","e3a84bf5-ff39-4cc5-a789-6175453b39fa"
"f26c90e0-643b-4a45-b8da-bca7bc56dc03","33f2ac95-9ba8-48b9-906f-bea777557996"
"9294f066-4c44-44dd-b9f0-b5e0221f753f","d3eefcad-ee25-4534-8f02-c5c15b640a5d"
"009e22ef-331d-4c35-91e2-6d7ffc63f6af","6ec1ffc4-ac80-4f1b-b8b0-ca6c86cff66b"
"3b965ad1-8e67-48de-85d4-fe0ce42af04e","6faec310-df05-483a-a1c9-2926fe783145"
"057866f3-f021-4302-8496-0a800db5fa79","1b17efb9-e1fb-49f8-8cf6-f1c1c91fde52"
"057866f3-f021-4302-8496-0a800db5fa79","30b0a21b-93ab-46fb-b029-adf28e764ea8"
"057866f3-f021-4302-8496-0a800db5fa79","6faec310-df05-483a-a1c9-2926fe783145"
"057866f3-f021-4302-8496-0a800db5fa79","e3e83113-562e-463e-ba96-32acbba9b99c"
"5dea990a-3980-429d-9b5d-a7b56b76cf54","21736092-1388-4758-b2c5-935a0a09284c"
"ae8098e3-b99e-4dd4-8cc9-c7777b895a01","organization-6242"
"b2ff7605-87e4-4e47-9166-7d42f926e100","30b0a21b-93ab-46fb-b029-adf28e764ea8"
"b2ff7605-87e4-4e47-9166-7d42f926e100","e8e57780-53a8-4c88-ac10-435b4d0fdfd3"
"30ece722-0dfb-4d80-aec9-18ed9bae82d5","541d0ac9-b84e-458c-a99e-88b926e96aec"
"71d9e2d7-ed56-4197-bb8d-6093bd5123ff","6faec310-df05-483a-a1c9-2926fe783145"
"71d9e2d7-ed56-4197-bb8d-6093bd5123ff","7913f6b5-af44-4721-8ab3-5d0adeecc28b"
"71d9e2d7-ed56-4197-bb8d-6093bd5123ff","8526451a-c69b-4119-b795-4fd99c2b3d8b"
"71d9e2d7-ed56-4197-bb8d-6093bd5123ff","e7c6d735-6804-41a3-aa09-a39f2893a082"
"92daf71e-6d0b-4170-b39f-0e7478aebd16","30b0a21b-93ab-46fb-b029-adf28e764ea8"
"92daf71e-6d0b-4170-b39f-0e7478aebd16","6faec310-df05-483a-a1c9-2926fe783145"
"8d20edf1-39dd-4d2f-b41f-8c2eacc402bf","1b17efb9-e1fb-49f8-8cf6-f1c1c91fde52"
"888dc7b5-8dc1-4d1c-affe-5f5b0ddcf7c6","30b0a21b-93ab-46fb-b029-adf28e764ea8"
"888dc7b5-8dc1-4d1c-affe-5f5b0ddcf7c6","3f413971-11e7-4870-aa22-084a062a1afa"
"888dc7b5-8dc1-4d1c-affe-5f5b0ddcf7c6","6faec310-df05-483a-a1c9-2926fe783145"
"199224ed-1991-4b34-b898-3642d86fd39f","f72f0793-84f1-4085-9537-eb7340b26e84"
"d70e76b5-acb9-480f-92ea-7aca178d9453","6faec310-df05-483a-a1c9-2926fe783145"
"9398eeea-401b-409c-a54b-39bb4b412168","b0dc89a1-e057-494d-942f-aba5aaae86c1"
"05403d9a-46a0-40af-8fe7-65da12f8f2dc","6faec310-df05-483a-a1c9-2926fe783145"
"62640e46-ef6d-4252-b85f-66f3f0e280c3","30b0a21b-93ab-46fb-b029-adf28e764ea8"
"aed37b9e-4f34-4fc2-bf12-924deadb39e4","9da116cd-e4d6-4ed3-b9b3-5f38e82ce43e"
"bbb22266-0e27-4457-8565-87c7d862f0a0","052c8555-3bb5-468e-a02a-f4dab2edfac4"
"57e6d6f7-80d9-4ec9-96f6-649e6287b551","6faec310-df05-483a-a1c9-2926fe783145"
"7066f675-e079-406d-888a-6825fb97a1d1","6faec310-df05-483a-a1c9-2926fe783145"
"5455bb42-6dae-4a64-836a-ad42779b8396","8526451a-c69b-4119-b795-4fd99c2b3d8b"
"5455bb42-6dae-4a64-836a-ad42779b8396","e8e57780-53a8-4c88-ac10-435b4d0fdfd3"
"a83d1356-7ff3-4922-a75b-870de37fb00b","6faec310-df05-483a-a1c9-2926fe783145"
"d309db18-2650-479a-a2ae-2b5e81c6e2d0","19526aab-73c4-4e6a-97eb-54c6f9a69c2a"
"5dd42f79-cd9b-4049-abe1-541be162cc94","30b0a21b-93ab-46fb-b029-adf28e764ea8"
"5dd42f79-cd9b-4049-abe1-541be162cc94","62248bb3-1a6e-43ee-adfd-303d2fc12f6b"
"5dd42f79-cd9b-4049-abe1-541be162cc94","6faec310-df05-483a-a1c9-2926fe783145"
"3883f3ad-f872-4392-be54-51b716ab1a31","30b0a21b-93ab-46fb-b029-adf28e764ea8"
"3883f3ad-f872-4392-be54-51b716ab1a31","6faec310-df05-483a-a1c9-2926fe783145"
"55a27996-c51b-4c77-b04f-4c682bc39d96","45522f1a-9812-41b7-be03-33db99ea4b8c"
"55a27996-c51b-4c77-b04f-4c682bc39d96","6ec1ffc4-ac80-4f1b-b8b0-ca6c86cff66b"
"aaf49504-28ba-4f41-8fe8-59ffabacb529","4c0df46a-6007-4c39-937f-e45a81ec687e"
"aaf49504-28ba-4f41-8fe8-59ffabacb529","6faec310-df05-483a-a1c9-2926fe783145"
"aaf49504-28ba-4f41-8fe8-59ffabacb529","b5280219-fe59-48f3-a569-15965f0a9ff7"
"aaf49504-28ba-4f41-8fe8-59ffabacb529","organization-6242"
"15bb92c5-4828-463d-b7e5-a7e7d8486bd7","30b0a21b-93ab-46fb-b029-adf28e764ea8"
"15bb92c5-4828-463d-b7e5-a7e7d8486bd7","organization-6242"
"70423686-eb7f-4f35-b000-f976d12d63b8","5ed72c04-3b03-4920-a516-80bba5045c7b"
"3fc717f5-4546-4424-941a-4f8187856f22","21515fa1-3f62-42a1-b77d-5289f2700e2c"
"3fc717f5-4546-4424-941a-4f8187856f22","299e1137-f0e7-4a0a-ac3c-968c2fa0d92d"
"3fc717f5-4546-4424-941a-4f8187856f22","a3f72ac1-6320-45fe-b9a9-d5f30283fe14"
"3fc717f5-4546-4424-941a-4f8187856f22","cb4e2867-6735-4aa2-846c-5727e98e6aee"
"55c6eee6-b4a9-4946-8480-1d6f0fef0c97","30b0a21b-93ab-46fb-b029-adf28e764ea8"
"55c6eee6-b4a9-4946-8480-1d6f0fef0c97","6faec310-df05-483a-a1c9-2926fe783145"
"55c6eee6-b4a9-4946-8480-1d6f0fef0c97","f11f644c-854f-4810-8a64-68e341f6f656"
"31b2cb0f-6ac2-46a9-a134-5ba90c17b846","f72f0793-84f1-4085-9537-eb7340b26e84"
"de2d1e3c-f352-4c97-b75c-d8a8403fd847","08c96604-a973-4550-bf5c-232d327eb857"
"de2d1e3c-f352-4c97-b75c-d8a8403fd847","1b510305-6b7a-4337-a43f-d5551123ebae"
"de2d1e3c-f352-4c97-b75c-d8a8403fd847","481620c6-363c-489c-b480-a1011f39d60b"
"de2d1e3c-f352-4c97-b75c-d8a8403fd847","88309694-13f7-4a90-852f-e544f9c44ae4"
"de2d1e3c-f352-4c97-b75c-d8a8403fd847","c05fdb8d-7897-4f0d-bca8-481b6d121582"
"fd702893-9349-45ee-b44b-4c077484346e","aa03638f-d766-4ad0-94f2-8420622d8ae3"
"fd702893-9349-45ee-b44b-4c077484346e","organization-6242"
"743f448c-9e66-4bf0-9a32-3e04d9e84ad2","6faec310-df05-483a-a1c9-2926fe783145"
"dc4f348a-c0db-4502-87b9-70c1a1740a2a","fc4f6148-4fa7-4389-9a80-232b3b90423b"
"658bf5fe-0742-4a92-80e0-0e8a4a2e2ac1","30b0a21b-93ab-46fb-b029-adf28e764ea8"
"658bf5fe-0742-4a92-80e0-0e8a4a2e2ac1","6faec310-df05-483a-a1c9-2926fe783145"
"658bf5fe-0742-4a92-80e0-0e8a4a2e2ac1","e8e57780-53a8-4c88-ac10-435b4d0fdfd3"
"4305b5cf-a4f9-4900-827f-eadbbfef95ea","30b0a21b-93ab-46fb-b029-adf28e764ea8"
"4305b5cf-a4f9-4900-827f-eadbbfef95ea","6faec310-df05-483a-a1c9-2926fe783145"
"4305b5cf-a4f9-4900-827f-eadbbfef95ea","f124ce4d-8a3d-4d22-9c5d-71128597e040"
"4305b5cf-a4f9-4900-827f-eadbbfef95ea","organization-6242"
"a968d08e-9bbb-4bca-9075-0e2db82f48a1","organization-8449"
"ee187ea1-5618-447a-9f0d-f57e59fc9992","086640fe-d0fa-4532-92cf-2357f28af3b1"
"ee187ea1-5618-447a-9f0d-f57e59fc9992","30b0a21b-93ab-46fb-b029-adf28e764ea8"
"ee187ea1-5618-447a-9f0d-f57e59fc9992","6faec310-df05-483a-a1c9-2926fe783145"
"4f82ac57-cdea-402a-936d-c67e0adcc0fb","67d35488-5bbb-49a9-abe9-ca80491aa23a"
"495ff676-b202-479b-8b65-71f3d9a953fc","62248bb3-1a6e-43ee-adfd-303d2fc12f6b"
"495ff676-b202-479b-8b65-71f3d9a953fc","902e4ec9-507c-401f-8fda-2bb0da85e099"
"e057a64d-f446-4d60-b631-19bbe59195f0","30b0a21b-93ab-46fb-b029-adf28e764ea8"
"e057a64d-f446-4d60-b631-19bbe59195f0","540bbffa-563d-4be8-9382-b68d387af371"
"20587f52-2cde-4af0-83e8-dacda713f345","3089f91d-4835-4cf5-9e4c-9fe0d29b03bf"
"20587f52-2cde-4af0-83e8-dacda713f345","c20a6267-4516-4c89-a514-1d57a1a25f4f"
"20587f52-2cde-4af0-83e8-dacda713f345","cea4a9ef-2b6b-4b04-a369-86123d9733af"
"fb904685-da88-41dc-a682-c2a6eae772e8","62248bb3-1a6e-43ee-adfd-303d2fc12f6b"
"6e712651-6237-4362-bd0b-9085d06f92b3","8526451a-c69b-4119-b795-4fd99c2b3d8b"
"6e712651-6237-4362-bd0b-9085d06f92b3","9104e919-eb51-43a4-8174-12af185af472"
"423e404b-a2a4-4774-b5e2-dc31884bbc05","19526aab-73c4-4e6a-97eb-54c6f9a69c2a"
"423e404b-a2a4-4774-b5e2-dc31884bbc05","d805d5d7-8a62-4a05-af08-98d7eaab2c5f"
"5ae2fc9f-be73-4adf-a6c3-595ddf662e9d","2efa7ddc-bcfd-47fc-9dc0-e1a7ea406e30"
"5ae2fc9f-be73-4adf-a6c3-595ddf662e9d","47ec7bba-d1ff-4b6f-b4fd-036d7ea9f09e"
"5ae2fc9f-be73-4adf-a6c3-595ddf662e9d","52ea3d24-4653-414d-ba61-3c3b12410700"
"5ae2fc9f-be73-4adf-a6c3-595ddf662e9d","9e6a8811-6b57-49d5-b88f-126319fa8b32"
"5ae2fc9f-be73-4adf-a6c3-595ddf662e9d","e2254682-4284-47be-9c06-db586cecab86"
"a8fb0c5b-8191-4e2c-be85-1bd4b1e597cb","30b0a21b-93ab-46fb-b029-adf28e764ea8"
"a8fb0c5b-8191-4e2c-be85-1bd4b1e597cb","578306ab-b94d-49d7-bc36-42c6901c7491"
"e9664403-e3fc-4440-ade7-3af8f6aee65c","30b0a21b-93ab-46fb-b029-adf28e764ea8"
"112cb963-c76d-41e8-ad7b-d4fb37c9ddfa","08c96604-a973-4550-bf5c-232d327eb857"
"112cb963-c76d-41e8-ad7b-d4fb37c9ddfa","08c96604-a973-4550-bf5c-232d327eb857"
"112cb963-c76d-41e8-ad7b-d4fb37c9ddfa","3089f91d-4835-4cf5-9e4c-9fe0d29b03bf"
"112cb963-c76d-41e8-ad7b-d4fb37c9ddfa","3089f91d-4835-4cf5-9e4c-9fe0d29b03bf"
"112cb963-c76d-41e8-ad7b-d4fb37c9ddfa","b55cfe13-f2df-4786-8f70-bd82d84bd072"
"112cb963-c76d-41e8-ad7b-d4fb37c9ddfa","b55cfe13-f2df-4786-8f70-bd82d84bd072"
"112cb963-c76d-41e8-ad7b-d4fb37c9ddfa","b67c8325-2550-43d8-bad3-71ded989a6ba"
"112cb963-c76d-41e8-ad7b-d4fb37c9ddfa","b67c8325-2550-43d8-bad3-71ded989a6ba"
"112cb963-c76d-41e8-ad7b-d4fb37c9ddfa","bb14f010-6b6b-4021-9fb3-cc7bd9759f16"
"112cb963-c76d-41e8-ad7b-d4fb37c9ddfa","bb14f010-6b6b-4021-9fb3-cc7bd9759f16"
"112cb963-c76d-41e8-ad7b-d4fb37c9ddfa","c05fdb8d-7897-4f0d-bca8-481b6d121582"
"112cb963-c76d-41e8-ad7b-d4fb37c9ddfa","c05fdb8d-7897-4f0d-bca8-481b6d121582"
"112cb963-c76d-41e8-ad7b-d4fb37c9ddfa","ccfb6f12-3170-4158-882e-d7e57308c945"
"112cb963-c76d-41e8-ad7b-d4fb37c9ddfa","ccfb6f12-3170-4158-882e-d7e57308c945"
"112cb963-c76d-41e8-ad7b-d4fb37c9ddfa","d1f83588-8d2a-4653-80f6-86d05dca12f3"
"112cb963-c76d-41e8-ad7b-d4fb37c9ddfa","d1f83588-8d2a-4653-80f6-86d05dca12f3"
"112cb963-c76d-41e8-ad7b-d4fb37c9ddfa","fb293d03-325e-4aca-b10f-625317c8d85e"
"112cb963-c76d-41e8-ad7b-d4fb37c9ddfa","fb293d03-325e-4aca-b10f-625317c8d85e"
"2943a7b5-35a1-4f32-a989-053ae55ea36e","6e93ef60-53be-43e0-b053-63647d4ed7f2"
"2943a7b5-35a1-4f32-a989-053ae55ea36e","d805d5d7-8a62-4a05-af08-98d7eaab2c5f"
"2943a7b5-35a1-4f32-a989-053ae55ea36e","e3e83113-562e-463e-ba96-32acbba9b99c"
"3fce83b7-b0f3-4ed5-89fd-01f4a1bea75f","6faec310-df05-483a-a1c9-2926fe783145"
"3fce83b7-b0f3-4ed5-89fd-01f4a1bea75f","d805d5d7-8a62-4a05-af08-98d7eaab2c5f"
"36bbbdd1-474a-4dd4-b044-2501101000bb","6faec310-df05-483a-a1c9-2926fe783145"
